{
  "timestamp": "2025-02-09T01:36:17.614028",
  "metrics": {
    "batch_sizes": [
      1,
      1,
      1,
      1,
      1,
      1,
      1,
      1,
      1,
      1,
      1,
      1,
      1,
      1,
      1,
      1,
      1,
      1,
      1,
      1,
      1,
      1,
      1,
      1,
      1,
      1,
      1,
      1,
      1,
      1,
      1,
      1,
      1,
      1,
      1,
      1,
      1,
      1,
      1,
      1,
      1,
      1,
      1,
      1,
      1,
      1,
      1,
      1,
      1,
      1,
      1,
      1,
      1,
      1,
      1,
      1,
      1,
      1,
      1,
      1,
      1,
      1,
      1,
      1,
      1,
      1,
      1,
      1,
      1,
      1,
      1,
      1,
      1,
      1,
      1,
      1,
      1,
      1,
      1,
      1,
      1,
      1,
      1,
      1,
      1,
      1,
      1,
      1,
      1,
      1,
      1,
      1,
      1,
      1,
      1,
      1,
      1,
      1,
      1,
      1
    ],
    "latencies": [
      0.0,
      0.0,
      0.0,
      0.0,
      0.0,
      0.0,
      0.0,
      0.0,
      0.0,
      0.0,
      0.0,
      0.0,
      0.0,
      0.0,
      0.0,
      0.0,
      0.0,
      0.0,
      0.0,
      0.0,
      0.0,
      0.0,
      0.0,
      0.0,
      0.0,
      0.0,
      0.0,
      0.0,
      0.0,
      0.0,
      0.0,
      0.0,
      0.0,
      0.0,
      0.0,
      0.0,
      0.0,
      0.0,
      0.0,
      0.0,
      0.0,
      0.0,
      0.0,
      0.0,
      0.0,
      0.0,
      0.0,
      0.0,
      0.0,
      0.0,
      0.0,
      0.0,
      0.0,
      0.0,
      0.0,
      0.0,
      0.0,
      0.0,
      0.0,
      0.0,
      0.0,
      0.0,
      0.0,
      0.0,
      0.0,
      0.0,
      0.0,
      0.0,
      0.0,
      0.0,
      0.0,
      0.0,
      0.0,
      0.0,
      0.0,
      0.0,
      0.0,
      0.0,
      0.0,
      0.0,
      0.0,
      0.0,
      0.0,
      0.0,
      0.0,
      0.0,
      0.0,
      0.0,
      0.0,
      0.0,
      0.0,
      0.0,
      0.0,
      0.0,
      0.0,
      0.0,
      0.0,
      0.0,
      0.0,
      0.0
    ],
    "throughputs": [
      1000.0,
      2.0887078762333577,
      1.5322117411370861,
      1.333871846912886,
      1.2592533703151905,
      1.1997125932660786,
      1.1689096549048168,
      1.1485473958304988,
      1.1251223890996043,
      1.111266958641451,
      1.1005477675245963,
      1.0986130818680546,
      1.0948504775059227,
      1.103396367741998,
      1.1022769541163826,
      1.1049232962108984,
      1.104138983825419,
      1.0974414251518274,
      1.1030940413115047,
      1.1000995368419246,
      1.1033300580671033,
      1.0912720176922077,
      1.0791213640766997,
      1.0727702857797625,
      1.0689847160676633,
      1.0657595069707664,
      1.062797168134401,
      1.067358797930269,
      1.067421545726018,
      1.0669999364018479,
      1.0648763281744482,
      1.0704125125665869,
      1.0847219172686644,
      1.0821128919337608,
      1.0850761873636992,
      1.089717414150585,
      1.0853435418271113,
      1.0867053286580173,
      1.0765864048710803,
      1.0821866767832944,
      1.0798345347359632,
      1.0779582510351822,
      1.079226952996867,
      1.0811770510592642,
      1.0761202265757661,
      1.0802080262344111,
      1.08274077789805,
      1.0846331245290455,
      1.092989141804648,
      1.0858646666903748,
      1.0879878659023745,
      1.0925581189603326,
      1.0965761538379084,
      1.105070043773736,
      1.1137229721362527,
      1.1087333518212967,
      1.1187786210970194,
      1.1152934902779075,
      1.1193361037728455,
      1.12717272974246,
      1.1189434819281558,
      1.120953087526451,
      1.1104540319214946,
      1.1060823527395154,
      1.0965708891298969,
      1.0966539835872267,
      1.0906127513963968,
      1.0818208717112856,
      1.0755290012086993,
      1.0668377651694785,
      1.0741080862645516,
      1.0730097239022396,
      1.0709487025501094,
      1.0714159086322683,
      1.074979650167412,
      1.0666597617239915,
      1.0671190611457646,
      1.066851308392487,
      1.0691618611671103,
      1.0748904668058608,
      1.0698811264423704,
      1.0603181560451633,
      1.0645558298112405,
      1.0560686873287923,
      1.0569405554920352,
      1.0576110510258399,
      1.0440850815844223,
      1.0433186933922083,
      1.0375070028445834,
      1.0239439121631921,
      1.0209018339298046,
      1.0224390875214142,
      1.013178602201667,
      1.0135949047908495,
      1.0075557491680307,
      1.0002078574990727,
      1.004884927953618,
      1.0014865790359602,
      0.9991771149020859,
      1.004163710481413
    ],
    "gpu_utilization": [
      0,
      0,
      0,
      0,
      0,
      0,
      0,
      0,
      0,
      0,
      0,
      0,
      0,
      0,
      0,
      0,
      0,
      0,
      0,
      0,
      0,
      0,
      0,
      0,
      0,
      0,
      0,
      0,
      0,
      0,
      0,
      0,
      0,
      0,
      0,
      0,
      0,
      0,
      0,
      0,
      0,
      0,
      0,
      0,
      0,
      0,
      0,
      0,
      0,
      0,
      0,
      0,
      0,
      0,
      0,
      0,
      0,
      0,
      0,
      0,
      0,
      0,
      0,
      0,
      0,
      0,
      0,
      0,
      0,
      0,
      0,
      0,
      0,
      0,
      0,
      0,
      0,
      0,
      0,
      0,
      0,
      0,
      0,
      0,
      0,
      0,
      0,
      0,
      0,
      0,
      0,
      0,
      0,
      0,
      0,
      0,
      0,
      0,
      0,
      0
    ],
    "memory_utilization": [
      0,
      0,
      0,
      0,
      0,
      0,
      0,
      0,
      0,
      0,
      0,
      0,
      0,
      0,
      0,
      0,
      0,
      0,
      0,
      0,
      0,
      0,
      0,
      0,
      0,
      0,
      0,
      0,
      0,
      0,
      0,
      0,
      0,
      0,
      0,
      0,
      0,
      0,
      0,
      0,
      0,
      0,
      0,
      0,
      0,
      0,
      0,
      0,
      0,
      0,
      0,
      0,
      0,
      0,
      0,
      0,
      0,
      0,
      0,
      0,
      0,
      0,
      0,
      0,
      0,
      0,
      0,
      0,
      0,
      0,
      0,
      0,
      0,
      0,
      0,
      0,
      0,
      0,
      0,
      0,
      0,
      0,
      0,
      0,
      0,
      0,
      0,
      0,
      0,
      0,
      0,
      0,
      0,
      0,
      0,
      0,
      0,
      0,
      0,
      0
    ],
    "queue_sizes": [
      0,
      0,
      0,
      0,
      0,
      0,
      0,
      0,
      0,
      0,
      0,
      0,
      0,
      0,
      0,
      0,
      0,
      0,
      0,
      0,
      0,
      0,
      0,
      0,
      0,
      0,
      0,
      0,
      0,
      0,
      0,
      0,
      0,
      0,
      0,
      0,
      0,
      0,
      0,
      0,
      0,
      0,
      0,
      0,
      0,
      0,
      0,
      0,
      0,
      0,
      0,
      0,
      0,
      0,
      0,
      0,
      0,
      0,
      0,
      0,
      0,
      0,
      0,
      0,
      0,
      0,
      0,
      0,
      0,
      0,
      0,
      0,
      0,
      0,
      0,
      0,
      0,
      0,
      0,
      0,
      0,
      0,
      0,
      0,
      0,
      0,
      0,
      0,
      0,
      0,
      0,
      0,
      0,
      0,
      0,
      0,
      0,
      0,
      0,
      0
    ]
  }
}