{
  "timestamp": "2025-02-09T01:43:59.127180",
  "metrics": {
    "batch_sizes": [
      1,
      1,
      1,
      1,
      1,
      1,
      1,
      1,
      1,
      1,
      1,
      1,
      1,
      1,
      1,
      1,
      1,
      1,
      1,
      1,
      1,
      1,
      1,
      1,
      1,
      1,
      1,
      1,
      1,
      1,
      1,
      1,
      1,
      1,
      1,
      1,
      1,
      1,
      1,
      1,
      1,
      1,
      1,
      1,
      1,
      1,
      1,
      1,
      1,
      1,
      1,
      1,
      1,
      1,
      1,
      1,
      1,
      1,
      1,
      1,
      1,
      1,
      1,
      1,
      1,
      1,
      1,
      1,
      1,
      1,
      1,
      1,
      1,
      1,
      1,
      1,
      1,
      1,
      1,
      1,
      1,
      1,
      1,
      1,
      1,
      1,
      1,
      1,
      1,
      1,
      1,
      1,
      1,
      1,
      1,
      1,
      1,
      1,
      1,
      1
    ],
    "latencies": [
      0.0,
      0.0,
      0.0,
      0.0,
      0.0,
      0.0,
      0.0,
      0.0,
      0.0,
      0.0,
      0.0,
      0.0,
      0.0,
      0.0,
      0.0,
      0.0,
      0.0,
      0.0,
      0.0,
      0.0,
      0.0,
      0.0,
      0.0,
      0.0,
      0.0,
      0.0,
      0.0,
      0.0,
      0.0,
      0.0,
      0.0,
      0.0,
      0.0,
      0.0,
      0.0,
      0.0,
      0.0,
      0.0,
      0.0,
      0.0,
      0.0,
      0.0,
      0.0,
      0.0,
      0.0,
      0.0,
      0.0,
      0.0,
      0.0,
      0.0,
      0.0,
      0.0,
      0.0,
      0.0,
      0.0,
      0.0,
      0.0,
      0.0,
      0.0,
      0.0,
      0.0,
      0.0,
      0.0,
      0.0,
      0.0,
      0.0,
      0.0,
      0.0,
      0.0,
      0.0,
      0.0,
      0.0,
      0.0,
      0.0,
      0.0,
      0.0,
      0.0,
      0.0,
      0.0,
      0.0,
      0.0,
      0.0,
      0.0,
      0.0,
      0.0,
      0.0,
      0.0,
      0.0,
      0.0,
      0.0,
      0.0,
      0.0,
      0.0,
      0.0,
      0.0,
      0.0,
      0.0,
      0.0,
      0.0,
      0.0
    ],
    "throughputs": [
      1000.0,
      1.944677607505893,
      1.500611256201558,
      1.348653080523689,
      1.2581894879617932,
      1.20069202253706,
      1.1751677568674967,
      1.1426013040211325,
      1.1252082785552175,
      1.1149631646220024,
      1.0982797482885465,
      1.1070760629993737,
      1.1004728751809452,
      1.1011423063968093,
      1.1028643734579717,
      1.0996538465086114,
      1.0992148547688956,
      1.100037216015089,
      1.1048599514183264,
      1.0981840431527865,
      1.1041774317599287,
      1.1006671228312639,
      1.1016811896855119,
      1.0987149581673656,
      1.0952904618045078,
      1.099562487641424,
      1.0904873444896563,
      1.0957943253776872,
      1.084640723109112,
      1.088771154502736,
      1.0868894970229435,
      1.077902568679418,
      1.077027945138351,
      1.0743098971967815,
      1.073126550209374,
      1.0655971957151658,
      1.0706485886349888,
      1.0677765393212368,
      1.0703548010519497,
      1.0645778879889296,
      1.065566014182775,
      1.06837213437079,
      1.06814326797405,
      1.0687325385712119,
      1.0651951505295818,
      1.0755352191390457,
      1.067942209658429,
      1.071458804774866,
      1.0670459839572173,
      1.0694569525518562,
      1.0674847454728313,
      1.0682381615484409,
      1.0679784746662613,
      1.0681451226517193,
      1.0706141295460587,
      1.0697560514371287,
      1.074922046191598,
      1.0666910566261754,
      1.0746689874393218,
      1.0713083350403891,
      1.0708125419187828,
      1.070882009838616,
      1.066881134298214,
      1.0678637057133349,
      1.0719722076019937,
      1.0636514216863115,
      1.0662417353997706,
      1.0659776244099732,
      1.0642512600592988,
      1.0662373739562192,
      1.063161757782693,
      1.0701857749045685,
      1.073639978902016,
      1.076424496175055,
      1.079127724574285,
      1.080826562727052,
      1.0845810592707363,
      1.0942824883756033,
      1.091510361617807,
      1.1001868136045097,
      1.1013661306933271,
      1.10040948847046,
      1.1077653636140603,
      1.1065360568766374,
      1.1012069340409723,
      1.1125070253051805,
      1.100318974934011,
      1.0841053858091223,
      1.0874240512309445,
      1.0774438049416464,
      1.083445079334514,
      1.0791048574208517,
      1.0724532702258747,
      1.0725767077141117,
      1.074160201195688,
      1.0641108331311968,
      1.073631284484595,
      1.0879028729292373,
      1.081796063981768,
      1.090634716683996
    ],
    "gpu_utilization": [
      0,
      0,
      0,
      0,
      0,
      0,
      0,
      0,
      0,
      0,
      0,
      0,
      0,
      0,
      0,
      0,
      0,
      0,
      0,
      0,
      0,
      0,
      0,
      0,
      0,
      0,
      0,
      0,
      0,
      0,
      0,
      0,
      0,
      0,
      0,
      0,
      0,
      0,
      0,
      0,
      0,
      0,
      0,
      0,
      0,
      0,
      0,
      0,
      0,
      0,
      0,
      0,
      0,
      0,
      0,
      0,
      0,
      0,
      0,
      0,
      0,
      0,
      0,
      0,
      0,
      0,
      0,
      0,
      0,
      0,
      0,
      0,
      0,
      0,
      0,
      0,
      0,
      0,
      0,
      0,
      0,
      0,
      0,
      0,
      0,
      0,
      0,
      0,
      0,
      0,
      0,
      0,
      0,
      0,
      0,
      0,
      0,
      0,
      0,
      0
    ],
    "memory_utilization": [
      0,
      0,
      0,
      0,
      0,
      0,
      0,
      0,
      0,
      0,
      0,
      0,
      0,
      0,
      0,
      0,
      0,
      0,
      0,
      0,
      0,
      0,
      0,
      0,
      0,
      0,
      0,
      0,
      0,
      0,
      0,
      0,
      0,
      0,
      0,
      0,
      0,
      0,
      0,
      0,
      0,
      0,
      0,
      0,
      0,
      0,
      0,
      0,
      0,
      0,
      0,
      0,
      0,
      0,
      0,
      0,
      0,
      0,
      0,
      0,
      0,
      0,
      0,
      0,
      0,
      0,
      0,
      0,
      0,
      0,
      0,
      0,
      0,
      0,
      0,
      0,
      0,
      0,
      0,
      0,
      0,
      0,
      0,
      0,
      0,
      0,
      0,
      0,
      0,
      0,
      0,
      0,
      0,
      0,
      0,
      0,
      0,
      0,
      0,
      0
    ],
    "queue_sizes": [
      0,
      0,
      0,
      0,
      0,
      0,
      0,
      0,
      0,
      0,
      0,
      0,
      0,
      0,
      0,
      0,
      0,
      0,
      0,
      0,
      0,
      0,
      0,
      0,
      0,
      0,
      0,
      0,
      0,
      0,
      0,
      0,
      0,
      0,
      0,
      0,
      0,
      0,
      0,
      0,
      0,
      0,
      0,
      0,
      0,
      0,
      0,
      0,
      0,
      0,
      0,
      0,
      0,
      0,
      0,
      0,
      0,
      0,
      0,
      0,
      0,
      0,
      0,
      0,
      0,
      0,
      0,
      0,
      0,
      0,
      0,
      0,
      0,
      0,
      0,
      0,
      0,
      0,
      0,
      0,
      0,
      0,
      0,
      0,
      0,
      0,
      0,
      0,
      0,
      0,
      0,
      0,
      0,
      0,
      0,
      0,
      0,
      0,
      0,
      0
    ]
  }
}