{
  "timestamp": "2025-02-09T01:31:48.278533",
  "metrics": {
    "batch_sizes": [
      1,
      1,
      1,
      1,
      1,
      1,
      1,
      1,
      1,
      1,
      1,
      1,
      1,
      1,
      1,
      1,
      1,
      1,
      1,
      1,
      1,
      1,
      1,
      1,
      1,
      1,
      1,
      1,
      1,
      1,
      1,
      1,
      1,
      1,
      1,
      1,
      1,
      1,
      1,
      1,
      1,
      1,
      1,
      1,
      1,
      1,
      1,
      1,
      1,
      1,
      1,
      1,
      1,
      1,
      1,
      1,
      1,
      1,
      1,
      1,
      1,
      1,
      1,
      1,
      1,
      1,
      1,
      1,
      1,
      1,
      1,
      1,
      1,
      1,
      1,
      1,
      1,
      1,
      1,
      1,
      1,
      1,
      1,
      1,
      1,
      1,
      1,
      1,
      1,
      1,
      1,
      1,
      1,
      1,
      1,
      1,
      1,
      1,
      1,
      1
    ],
    "latencies": [
      0.0,
      0.0,
      0.0,
      0.0,
      0.0,
      0.0,
      0.0,
      0.0,
      0.0,
      0.0,
      0.0,
      0.0,
      0.0,
      0.0,
      0.0,
      0.0,
      0.0,
      0.0,
      0.0,
      0.0,
      0.0,
      0.0,
      0.0,
      0.0,
      0.0,
      0.0,
      0.0,
      0.0,
      0.0,
      0.0,
      0.0,
      0.0,
      0.0,
      0.0,
      0.0,
      0.0,
      0.0,
      0.0,
      0.0,
      0.0,
      0.0,
      0.0,
      0.0,
      0.0,
      0.0,
      0.0,
      0.0,
      0.0,
      0.0,
      0.0,
      0.0,
      0.0,
      0.0,
      0.0,
      0.0,
      0.0,
      0.0,
      0.0,
      0.0,
      0.0,
      0.0,
      0.0,
      0.0,
      0.0,
      0.0,
      0.0,
      0.0,
      0.0,
      0.0,
      0.0,
      0.0,
      0.0,
      0.0,
      0.0,
      0.0,
      0.0,
      0.0,
      0.0,
      0.0,
      0.0,
      0.0,
      0.0,
      0.0,
      0.0,
      0.0,
      0.0,
      0.0,
      0.0,
      0.0,
      0.0,
      0.0,
      0.0,
      0.0,
      0.0,
      0.0,
      0.0,
      0.0,
      0.0,
      0.0,
      0.0
    ],
    "throughputs": [
      1000.0,
      1.8560554953116313,
      1.3763817238680895,
      1.2499878742977057,
      1.20822881884115,
      1.1571480162033123,
      1.1326360399513247,
      1.1168626210425139,
      1.1015138049396218,
      1.0951772427905861,
      1.0856137868746396,
      1.0973758553614368,
      1.105554203286364,
      1.1130480430673548,
      1.1093114578177468,
      1.1134884812470167,
      1.119257166369204,
      1.1166544906241245,
      1.1177554333878619,
      1.1081971316122303,
      1.111907630487245,
      1.1056678637516382,
      1.1129470084908464,
      1.1091027359177972,
      1.0989847573663312,
      1.102391864520044,
      1.095604109184113,
      1.098919971488364,
      1.1008114287124038,
      1.0997044070366637,
      1.0971237770015827,
      1.0964619314497406,
      1.0959156454574828,
      1.0909758077676037,
      1.0988344658243643,
      1.0949170710388156,
      1.0877360041469317,
      1.0889365162792755,
      1.083401930430931,
      1.0925299187858286,
      1.0913268182843576,
      1.0862489656908974,
      1.082311552705883,
      1.0861796378043915,
      1.0825635755280558,
      1.084377359285242,
      1.0834857126646529,
      1.0799674633465235,
      1.0826745139352854,
      1.0755274718094292,
      1.0795133056738335,
      1.0847559387869947,
      1.0833184155196856,
      1.0827143780543738,
      1.088156172183009,
      1.0864916446243427,
      1.0982127712407268,
      1.096553661899117,
      1.0874006004663506,
      1.0860519247918239,
      1.0785485202018812,
      1.0843478468509986,
      1.085419887354502,
      1.0861053330465134,
      1.0795499819117,
      1.0855970810016398,
      1.0858424586771267,
      1.087377817031009,
      1.1047407696516418,
      1.1088567811961672,
      1.117313562025116,
      1.1158052979376487,
      1.1113247013552414,
      1.1168586568621457,
      1.1243638473451982,
      1.1160838538315279,
      1.1180412766604826,
      1.1131156065813577,
      1.1076342793988498,
      1.1111780007808076,
      1.1073791411139542,
      1.1023796954724183,
      1.113766607369383,
      1.1064019734129298,
      1.1068371665074248,
      1.1147955929743152,
      1.105564190693724,
      1.1126702038464527,
      1.1165772550768165,
      1.111898975150423,
      1.115800494608129,
      1.121169563329861,
      1.1123033205419124,
      1.1180788835279083,
      1.1183200827963238,
      1.111817278625497,
      1.120519760692357,
      1.1171963315107505,
      1.114837022539151,
      1.1196615020378697
    ],
    "gpu_utilization": [
      0,
      0,
      0,
      0,
      0,
      0,
      0,
      0,
      0,
      0,
      0,
      0,
      0,
      0,
      0,
      0,
      0,
      0,
      0,
      0,
      0,
      0,
      0,
      0,
      0,
      0,
      0,
      0,
      0,
      0,
      0,
      0,
      0,
      0,
      0,
      0,
      0,
      0,
      0,
      0,
      0,
      0,
      0,
      0,
      0,
      0,
      0,
      0,
      0,
      0,
      0,
      0,
      0,
      0,
      0,
      0,
      0,
      0,
      0,
      0,
      0,
      0,
      0,
      0,
      0,
      0,
      0,
      0,
      0,
      0,
      0,
      0,
      0,
      0,
      0,
      0,
      0,
      0,
      0,
      0,
      0,
      0,
      0,
      0,
      0,
      0,
      0,
      0,
      0,
      0,
      0,
      0,
      0,
      0,
      0,
      0,
      0,
      0,
      0,
      0
    ],
    "memory_utilization": [
      0,
      0,
      0,
      0,
      0,
      0,
      0,
      0,
      0,
      0,
      0,
      0,
      0,
      0,
      0,
      0,
      0,
      0,
      0,
      0,
      0,
      0,
      0,
      0,
      0,
      0,
      0,
      0,
      0,
      0,
      0,
      0,
      0,
      0,
      0,
      0,
      0,
      0,
      0,
      0,
      0,
      0,
      0,
      0,
      0,
      0,
      0,
      0,
      0,
      0,
      0,
      0,
      0,
      0,
      0,
      0,
      0,
      0,
      0,
      0,
      0,
      0,
      0,
      0,
      0,
      0,
      0,
      0,
      0,
      0,
      0,
      0,
      0,
      0,
      0,
      0,
      0,
      0,
      0,
      0,
      0,
      0,
      0,
      0,
      0,
      0,
      0,
      0,
      0,
      0,
      0,
      0,
      0,
      0,
      0,
      0,
      0,
      0,
      0,
      0
    ],
    "queue_sizes": [
      0,
      0,
      0,
      0,
      0,
      0,
      0,
      0,
      0,
      0,
      0,
      0,
      0,
      0,
      0,
      0,
      0,
      0,
      0,
      0,
      0,
      0,
      0,
      0,
      0,
      0,
      0,
      0,
      0,
      0,
      0,
      0,
      0,
      0,
      0,
      0,
      0,
      0,
      0,
      0,
      0,
      0,
      0,
      0,
      0,
      0,
      0,
      0,
      0,
      0,
      0,
      0,
      0,
      0,
      0,
      0,
      0,
      0,
      0,
      0,
      0,
      0,
      0,
      0,
      0,
      0,
      0,
      0,
      0,
      0,
      0,
      0,
      0,
      0,
      0,
      0,
      0,
      0,
      0,
      0,
      0,
      0,
      0,
      0,
      0,
      0,
      0,
      0,
      0,
      0,
      0,
      0,
      0,
      0,
      0,
      0,
      0,
      0,
      0,
      0
    ]
  }
}