{
  "timestamp": "2025-02-09T01:43:29.082427",
  "metrics": {
    "batch_sizes": [
      1,
      1,
      1,
      1,
      1,
      1,
      1,
      1,
      1,
      1,
      1,
      1,
      1,
      1,
      1,
      1,
      1,
      1,
      1,
      1,
      1,
      1,
      1,
      1,
      1,
      1,
      1,
      1,
      1,
      1,
      1,
      1,
      1,
      1,
      1,
      1,
      1,
      1,
      1,
      1,
      1,
      1,
      1,
      1,
      1,
      1,
      1,
      1,
      1,
      1,
      1,
      1,
      1,
      1,
      1,
      1,
      1,
      1,
      1,
      1,
      1,
      1,
      1,
      1,
      1,
      1,
      1,
      1,
      1,
      1,
      1,
      1,
      1,
      1,
      1,
      1,
      1,
      1,
      1,
      1,
      1,
      1,
      1,
      1,
      1,
      1,
      1,
      1,
      1,
      1,
      1,
      1,
      1,
      1,
      1,
      1,
      1,
      1,
      1,
      1
    ],
    "latencies": [
      0.0,
      0.0,
      0.0,
      0.0,
      0.0,
      0.0,
      0.0,
      0.0,
      0.0,
      0.0,
      0.0,
      0.0,
      0.0,
      0.0,
      0.0,
      0.0,
      0.0,
      0.0,
      0.0,
      0.0,
      0.0,
      0.0,
      0.0,
      0.0,
      0.0,
      0.0,
      0.0,
      0.0,
      0.0,
      0.0,
      0.0,
      0.0,
      0.0,
      0.0,
      0.0,
      0.0,
      0.0,
      0.0,
      0.0,
      0.0,
      0.0,
      0.0,
      0.0,
      0.0,
      0.0,
      0.0,
      0.0,
      0.0,
      0.0,
      0.0,
      0.0,
      0.0,
      0.0,
      0.0,
      0.0,
      0.0,
      0.0,
      0.0,
      0.0,
      0.0,
      0.0,
      0.0,
      0.0,
      0.0,
      0.0,
      0.0,
      0.0,
      0.0,
      0.0,
      0.0,
      0.0,
      0.0,
      0.0,
      0.0,
      0.0,
      0.0,
      0.0,
      0.0,
      0.0,
      0.0,
      0.0,
      0.0,
      0.0,
      0.0,
      0.0,
      0.0,
      0.0,
      0.0,
      0.0,
      0.0,
      0.0,
      0.0,
      0.0,
      0.0,
      0.0,
      0.0,
      0.0,
      0.0,
      0.0,
      0.0
    ],
    "throughputs": [
      1000.0,
      2.1537498539751496,
      1.5631806818685798,
      1.3616803553942407,
      1.2884758337361193,
      1.2260651801971794,
      1.1961002738308089,
      1.1752037649746014,
      1.1548028497389355,
      1.1412440154674428,
      1.1259639363788385,
      1.120009655844964,
      1.1173510117125423,
      1.1295459896495412,
      1.1319234048547786,
      1.13636399237947,
      1.1335294742122801,
      1.1269266786476893,
      1.128539182389157,
      1.1255401818288715,
      1.1338010970341408,
      1.1341947088319668,
      1.1454540236351505,
      1.1412659926196853,
      1.1354274800785484,
      1.1406437329193355,
      1.1390661036087415,
      1.1463519534897195,
      1.149333525049415,
      1.1486048079571078,
      1.1456380770636683,
      1.1397424720480842,
      1.1344956903402876,
      1.1242835143256196,
      1.1207604080521774,
      1.1136723509468076,
      1.1088082535459334,
      1.1080268800604969,
      1.096564138909923,
      1.0966188206880327,
      1.0932449708014045,
      1.0931642311047154,
      1.0944502555702695,
      1.1011273266919965,
      1.0989681871602448,
      1.0980441622420087,
      1.0980924840358055,
      1.0975470789519814,
      1.1055362952836505,
      1.0991657009302422,
      1.1020882454208512,
      1.1022514363540488,
      1.0956486258234075,
      1.0947750856324043,
      1.0976225397559574,
      1.093439784662911,
      1.0975728232366164,
      1.0872336807528482,
      1.0850436768155995,
      1.0884516487913067,
      1.0803671286661127,
      1.0829709608115643,
      1.0769138624252272,
      1.0745344068303146,
      1.067440191219297,
      1.0720032421251728,
      1.0682957934485153,
      1.065291759318405,
      1.0671306616200091,
      1.0619455077809594,
      1.0689473177423312,
      1.0688982580797455,
      1.0672161179913966,
      1.0679568191915156,
      1.073423235106506,
      1.0664683331282256,
      1.072124308885594,
      1.0754183942375142,
      1.0744450721328562,
      1.0810483586109907,
      1.0750634374040202,
      1.0674117910586092,
      1.078466155192453,
      1.0721492978783933,
      1.0746986762998505,
      1.0803345455287943,
      1.070734485146997,
      1.0770571861813591,
      1.0770023511002886,
      1.071327962375508,
      1.0712640082682008,
      1.077032621587152,
      1.067191210316313,
      1.0735757734495337,
      1.0709245152284645,
      1.0652022824530976,
      1.072726760788552,
      1.0647787134835631,
      1.0624630684170728,
      1.0671782755700827
    ],
    "gpu_utilization": [
      0,
      0,
      0,
      0,
      0,
      0,
      0,
      0,
      0,
      0,
      0,
      0,
      0,
      0,
      0,
      0,
      0,
      0,
      0,
      0,
      0,
      0,
      0,
      0,
      0,
      0,
      0,
      0,
      0,
      0,
      0,
      0,
      0,
      0,
      0,
      0,
      0,
      0,
      0,
      0,
      0,
      0,
      0,
      0,
      0,
      0,
      0,
      0,
      0,
      0,
      0,
      0,
      0,
      0,
      0,
      0,
      0,
      0,
      0,
      0,
      0,
      0,
      0,
      0,
      0,
      0,
      0,
      0,
      0,
      0,
      0,
      0,
      0,
      0,
      0,
      0,
      0,
      0,
      0,
      0,
      0,
      0,
      0,
      0,
      0,
      0,
      0,
      0,
      0,
      0,
      0,
      0,
      0,
      0,
      0,
      0,
      0,
      0,
      0,
      0
    ],
    "memory_utilization": [
      0,
      0,
      0,
      0,
      0,
      0,
      0,
      0,
      0,
      0,
      0,
      0,
      0,
      0,
      0,
      0,
      0,
      0,
      0,
      0,
      0,
      0,
      0,
      0,
      0,
      0,
      0,
      0,
      0,
      0,
      0,
      0,
      0,
      0,
      0,
      0,
      0,
      0,
      0,
      0,
      0,
      0,
      0,
      0,
      0,
      0,
      0,
      0,
      0,
      0,
      0,
      0,
      0,
      0,
      0,
      0,
      0,
      0,
      0,
      0,
      0,
      0,
      0,
      0,
      0,
      0,
      0,
      0,
      0,
      0,
      0,
      0,
      0,
      0,
      0,
      0,
      0,
      0,
      0,
      0,
      0,
      0,
      0,
      0,
      0,
      0,
      0,
      0,
      0,
      0,
      0,
      0,
      0,
      0,
      0,
      0,
      0,
      0,
      0,
      0
    ],
    "queue_sizes": [
      0,
      0,
      0,
      0,
      0,
      0,
      0,
      0,
      0,
      0,
      0,
      0,
      0,
      0,
      0,
      0,
      0,
      0,
      0,
      0,
      0,
      0,
      0,
      0,
      0,
      0,
      0,
      0,
      0,
      0,
      0,
      0,
      0,
      0,
      0,
      0,
      0,
      0,
      0,
      0,
      0,
      0,
      0,
      0,
      0,
      0,
      0,
      0,
      0,
      0,
      0,
      0,
      0,
      0,
      0,
      0,
      0,
      0,
      0,
      0,
      0,
      0,
      0,
      0,
      0,
      0,
      0,
      0,
      0,
      0,
      0,
      0,
      0,
      0,
      0,
      0,
      0,
      0,
      0,
      0,
      0,
      0,
      0,
      0,
      0,
      0,
      0,
      0,
      0,
      0,
      0,
      0,
      0,
      0,
      0,
      0,
      0,
      0,
      0,
      0
    ]
  }
}