{
  "timestamp": "2025-02-09T01:37:18.304466",
  "metrics": {
    "batch_sizes": [
      1,
      1,
      1,
      1,
      1,
      1,
      1,
      1,
      1,
      1,
      1,
      1,
      1,
      1,
      1,
      1,
      1,
      1,
      1,
      1,
      1,
      1,
      1,
      1,
      1,
      1,
      1,
      1,
      1,
      1,
      1,
      1,
      1,
      1,
      1,
      1,
      1,
      1,
      1,
      1,
      1,
      1,
      1,
      1,
      1,
      1,
      1,
      1,
      1,
      1,
      1,
      1,
      1,
      1,
      1,
      1,
      1,
      1,
      1,
      1,
      1,
      1,
      1,
      1,
      1,
      1,
      1,
      1,
      1,
      1,
      1,
      1,
      1,
      1,
      1,
      1,
      1,
      1,
      1,
      1,
      1,
      1,
      1,
      1,
      1,
      1,
      1,
      1,
      1,
      1,
      1,
      1,
      1,
      1,
      1,
      1,
      1,
      1,
      1,
      1
    ],
    "latencies": [
      0.0,
      0.0,
      0.0,
      0.0,
      0.0,
      0.0,
      0.0,
      0.0,
      0.0,
      0.0,
      0.0,
      0.0,
      0.0,
      0.0,
      0.0,
      0.0,
      0.0,
      0.0,
      0.0,
      0.0,
      0.0,
      0.0,
      0.0,
      0.0,
      0.0,
      0.0,
      0.0,
      0.0,
      0.0,
      0.0,
      0.0,
      0.0,
      0.0,
      0.0,
      0.0,
      0.0,
      0.0,
      0.0,
      0.0,
      0.0,
      0.0,
      0.0,
      0.0,
      0.0,
      0.0,
      0.0,
      0.0,
      0.0,
      0.0,
      0.0,
      0.0,
      0.0,
      0.0,
      0.0,
      0.0,
      0.0,
      0.0,
      0.0,
      0.0,
      0.0,
      0.0,
      0.0,
      0.0,
      0.0,
      0.0,
      0.0,
      0.0,
      0.0,
      0.0,
      0.0,
      0.0,
      0.0,
      0.0,
      0.0,
      0.0,
      0.0,
      0.0,
      0.0,
      0.0,
      0.0,
      0.0,
      0.0,
      0.0,
      0.0,
      0.0,
      0.0,
      0.0,
      0.0,
      0.0,
      0.0,
      0.0,
      0.0,
      0.0,
      0.0,
      0.0,
      0.0,
      0.0,
      0.0,
      0.0,
      0.0
    ],
    "throughputs": [
      1000.0,
      1.9966315829560763,
      1.4727685726334674,
      1.2959478148455295,
      1.2242236987859756,
      1.1705298468360799,
      1.148105827209966,
      1.1320916383892008,
      1.1105681615718663,
      1.0995627811395814,
      1.0856700388694132,
      1.0844368477785158,
      1.084375549754703,
      1.0933076643217652,
      1.0933076384138667,
      1.092929591597214,
      1.0910849679187418,
      1.0846788961104148,
      1.0908127403386882,
      1.0825477000109693,
      1.0898587599688605,
      1.0838243319837448,
      1.085693517243554,
      1.0789281113761116,
      1.0748998076997451,
      1.0804445214948828,
      1.0666190983572126,
      1.0621133344771545,
      1.0560981067699282,
      1.0481814787847692,
      1.0365695096038503,
      1.0323761643961475,
      1.0271506642935018,
      1.0204570734198537,
      1.0175284997711973,
      1.0115974905588117,
      1.0123156361567653,
      1.0168398953365994,
      1.0110403015887264,
      1.0211174328081432,
      1.0234436433514602,
      1.0098793733177969,
      1.0160683704064746,
      1.0251191536321025,
      1.025283971564532,
      1.0272849817630834,
      1.0309727725510736,
      1.0329256504823003,
      1.0403817640658963,
      1.0343163738053422,
      1.040705710370131,
      1.0601231504795186,
      1.0576682935614323,
      1.057126568247268,
      1.0598901344782583,
      1.056004632588682,
      1.0610923072358749,
      1.058273950325743,
      1.0590563251154952,
      1.0699758327849218,
      1.0615296045070715,
      1.067132414054004,
      1.0657759279240822,
      1.067561785687106,
      1.0664705024645809,
      1.0725526213356062,
      1.0717279046299593,
      1.0657517521237492,
      1.0697675108810012,
      1.0622730696732152,
      1.072349276688525,
      1.071962294866499,
      1.0675511391986343,
      1.0671341911760455,
      1.0713029121519122,
      1.064968405157246,
      1.0669696103595347,
      1.0666998362981581,
      1.063980036980393,
      1.0673825034322926,
      1.06338724422382,
      1.0585260000560726,
      1.069540352135022,
      1.0627675456518224,
      1.0637914085160045,
      1.0690587526554514,
      1.0605547977155705,
      1.070109298683423,
      1.0692803044217425,
      1.0684363374672823,
      1.0709164861741225,
      1.0767787441441825,
      1.0669815036873456,
      1.0700763882309405,
      1.0683153600267932,
      1.0657960424349848,
      1.0751804106978173,
      1.0660948704829283,
      1.0657108625587408,
      1.0688435325231973
    ],
    "gpu_utilization": [
      0,
      0,
      0,
      0,
      0,
      0,
      0,
      0,
      0,
      0,
      0,
      0,
      0,
      0,
      0,
      0,
      0,
      0,
      0,
      0,
      0,
      0,
      0,
      0,
      0,
      0,
      0,
      0,
      0,
      0,
      0,
      0,
      0,
      0,
      0,
      0,
      0,
      0,
      0,
      0,
      0,
      0,
      0,
      0,
      0,
      0,
      0,
      0,
      0,
      0,
      0,
      0,
      0,
      0,
      0,
      0,
      0,
      0,
      0,
      0,
      0,
      0,
      0,
      0,
      0,
      0,
      0,
      0,
      0,
      0,
      0,
      0,
      0,
      0,
      0,
      0,
      0,
      0,
      0,
      0,
      0,
      0,
      0,
      0,
      0,
      0,
      0,
      0,
      0,
      0,
      0,
      0,
      0,
      0,
      0,
      0,
      0,
      0,
      0,
      0
    ],
    "memory_utilization": [
      0,
      0,
      0,
      0,
      0,
      0,
      0,
      0,
      0,
      0,
      0,
      0,
      0,
      0,
      0,
      0,
      0,
      0,
      0,
      0,
      0,
      0,
      0,
      0,
      0,
      0,
      0,
      0,
      0,
      0,
      0,
      0,
      0,
      0,
      0,
      0,
      0,
      0,
      0,
      0,
      0,
      0,
      0,
      0,
      0,
      0,
      0,
      0,
      0,
      0,
      0,
      0,
      0,
      0,
      0,
      0,
      0,
      0,
      0,
      0,
      0,
      0,
      0,
      0,
      0,
      0,
      0,
      0,
      0,
      0,
      0,
      0,
      0,
      0,
      0,
      0,
      0,
      0,
      0,
      0,
      0,
      0,
      0,
      0,
      0,
      0,
      0,
      0,
      0,
      0,
      0,
      0,
      0,
      0,
      0,
      0,
      0,
      0,
      0,
      0
    ],
    "queue_sizes": [
      0,
      0,
      0,
      0,
      0,
      0,
      0,
      0,
      0,
      0,
      0,
      0,
      0,
      0,
      0,
      0,
      0,
      0,
      0,
      0,
      0,
      0,
      0,
      0,
      0,
      0,
      0,
      0,
      0,
      0,
      0,
      0,
      0,
      0,
      0,
      0,
      0,
      0,
      0,
      0,
      0,
      0,
      0,
      0,
      0,
      0,
      0,
      0,
      0,
      0,
      0,
      0,
      0,
      0,
      0,
      0,
      0,
      0,
      0,
      0,
      0,
      0,
      0,
      0,
      0,
      0,
      0,
      0,
      0,
      0,
      0,
      0,
      0,
      0,
      0,
      0,
      0,
      0,
      0,
      0,
      0,
      0,
      0,
      0,
      0,
      0,
      0,
      0,
      0,
      0,
      0,
      0,
      0,
      0,
      0,
      0,
      0,
      0,
      0,
      0
    ]
  }
}