{
  "timestamp": "2025-02-09T01:37:43.571777",
  "metrics": {
    "batch_sizes": [
      1,
      1,
      1,
      1,
      1,
      1,
      1,
      1,
      1,
      1,
      1,
      1,
      1,
      1,
      1,
      1,
      1,
      1,
      1,
      1,
      1,
      1,
      1,
      1,
      1,
      1,
      1,
      1,
      1,
      1,
      1,
      1,
      1,
      1,
      1,
      1,
      1,
      1,
      1,
      1,
      1,
      1,
      1,
      1,
      1,
      1,
      1,
      1,
      1,
      1,
      1,
      1,
      1,
      1,
      1,
      1,
      1,
      1,
      1,
      1,
      1,
      1,
      1,
      1,
      1,
      1,
      1,
      1,
      1,
      1,
      1,
      1,
      1,
      1,
      1,
      1,
      1,
      1,
      1,
      1,
      1,
      1,
      1,
      1,
      1,
      1,
      1,
      1,
      1,
      1,
      1,
      1,
      1,
      1,
      1,
      1,
      1,
      1,
      1,
      1
    ],
    "latencies": [
      0.0,
      0.0,
      0.0,
      0.0,
      0.0,
      0.0,
      0.0,
      0.0,
      0.0,
      0.0,
      0.0,
      0.0,
      0.0,
      0.0,
      0.0,
      0.0,
      0.0,
      0.0,
      0.0,
      0.0,
      0.0,
      0.0,
      0.0,
      0.0,
      0.0,
      0.0,
      0.0,
      0.0,
      0.0,
      0.0,
      0.0,
      0.0,
      0.0,
      0.0,
      0.0,
      0.0,
      0.0,
      0.0,
      0.0,
      0.0,
      0.0,
      0.0,
      0.0,
      0.0,
      0.0,
      0.0,
      0.0,
      0.0,
      0.0,
      0.0,
      0.0,
      0.0,
      0.0,
      0.0,
      0.0,
      0.0,
      0.0,
      0.0,
      0.0,
      0.0,
      0.0,
      0.0,
      0.0,
      0.0,
      0.0,
      0.0,
      0.0,
      0.0,
      0.0,
      0.0,
      0.0,
      0.0,
      0.0,
      0.0,
      0.0,
      0.0,
      0.0,
      0.0,
      0.0,
      0.0,
      0.0,
      0.0,
      0.0,
      0.0,
      0.0,
      0.0,
      0.0,
      0.0,
      0.0,
      0.0,
      0.0,
      0.0,
      0.0,
      0.0,
      0.0,
      0.0,
      0.0,
      0.0,
      0.0,
      0.0
    ],
    "throughputs": [
      1000.0,
      1.9656887050921426,
      1.40861334519071,
      1.2299627592276077,
      1.1754544340678392,
      1.1161874750346332,
      1.0890612692590242,
      1.0689826448502375,
      1.050885261980688,
      1.0396111471847604,
      1.0269672323614178,
      1.0240616173438526,
      1.023203960218006,
      1.0309551719399945,
      1.0248109599157678,
      1.018579459942101,
      1.0211857782641662,
      1.0221492374613517,
      1.0284157785091972,
      1.028312150867203,
      1.036275085016958,
      1.0344262015375991,
      1.0468927867430602,
      1.0486074343910445,
      1.0496549498652843,
      1.0667162862411943,
      1.0646499887436895,
      1.0681043459579391,
      1.068677186384834,
      1.0678003622352121,
      1.066014495027313,
      1.0672268318584022,
      1.0699026615441953,
      1.0637022325476393,
      1.0714111315482049,
      1.0712860965715756,
      1.0719754703766433,
      1.0765062230844826,
      1.0700427601085318,
      1.0783974642784233,
      1.0790032289405045,
      1.072814986753437,
      1.0712970664391257,
      1.0806437344175683,
      1.073982646057769,
      1.0744471989768363,
      1.0712341606566678,
      1.0672049353135729,
      1.0738644835347826,
      1.0650771679440596,
      1.0657318362242223,
      1.0686216419225827,
      1.0648414777739397,
      1.060394457729506,
      1.0625352255655625,
      1.059184430166951,
      1.0659908256204549,
      1.0624439602812834,
      1.0615214470506826,
      1.0681375803360247,
      1.0601122377449808,
      1.0681369373894498,
      1.0641703523432378,
      1.070929834853995,
      1.0695891236136705,
      1.076339567589396,
      1.0761406581415125,
      1.073136284803227,
      1.0748562099035925,
      1.0688977380367726,
      1.0790076702123252,
      1.077759775147774,
      1.0740849312527447,
      1.0714617160644604,
      1.063144216879158,
      1.059866882336954,
      1.0653593319373722,
      1.0715921929155363,
      1.0781628972180535,
      1.0882727520419322,
      1.0906294315280967,
      1.0907224319697186,
      1.106916433122804,
      1.104350150182554,
      1.1237544581325973,
      1.1287315360792136,
      1.1186724206690968,
      1.1247320958926608,
      1.1194769805273797,
      1.1135752614693208,
      1.1130614154806757,
      1.117286775132705,
      1.1095060369837397,
      1.1160804790181604,
      1.112583215839004,
      1.1052030897642338,
      1.1120188220140823,
      1.1042510055808574,
      1.105636783638701,
      1.1086566220214853
    ],
    "gpu_utilization": [
      0,
      0,
      0,
      0,
      0,
      0,
      0,
      0,
      0,
      0,
      0,
      0,
      0,
      0,
      0,
      0,
      0,
      0,
      0,
      0,
      0,
      0,
      0,
      0,
      0,
      0,
      0,
      0,
      0,
      0,
      0,
      0,
      0,
      0,
      0,
      0,
      0,
      0,
      0,
      0,
      0,
      0,
      0,
      0,
      0,
      0,
      0,
      0,
      0,
      0,
      0,
      0,
      0,
      0,
      0,
      0,
      0,
      0,
      0,
      0,
      0,
      0,
      0,
      0,
      0,
      0,
      0,
      0,
      0,
      0,
      0,
      0,
      0,
      0,
      0,
      0,
      0,
      0,
      0,
      0,
      0,
      0,
      0,
      0,
      0,
      0,
      0,
      0,
      0,
      0,
      0,
      0,
      0,
      0,
      0,
      0,
      0,
      0,
      0,
      0
    ],
    "memory_utilization": [
      0,
      0,
      0,
      0,
      0,
      0,
      0,
      0,
      0,
      0,
      0,
      0,
      0,
      0,
      0,
      0,
      0,
      0,
      0,
      0,
      0,
      0,
      0,
      0,
      0,
      0,
      0,
      0,
      0,
      0,
      0,
      0,
      0,
      0,
      0,
      0,
      0,
      0,
      0,
      0,
      0,
      0,
      0,
      0,
      0,
      0,
      0,
      0,
      0,
      0,
      0,
      0,
      0,
      0,
      0,
      0,
      0,
      0,
      0,
      0,
      0,
      0,
      0,
      0,
      0,
      0,
      0,
      0,
      0,
      0,
      0,
      0,
      0,
      0,
      0,
      0,
      0,
      0,
      0,
      0,
      0,
      0,
      0,
      0,
      0,
      0,
      0,
      0,
      0,
      0,
      0,
      0,
      0,
      0,
      0,
      0,
      0,
      0,
      0,
      0
    ],
    "queue_sizes": [
      0,
      0,
      0,
      0,
      0,
      0,
      0,
      0,
      0,
      0,
      0,
      0,
      0,
      0,
      0,
      0,
      0,
      0,
      0,
      0,
      0,
      0,
      0,
      0,
      0,
      0,
      0,
      0,
      0,
      0,
      0,
      0,
      0,
      0,
      0,
      0,
      0,
      0,
      0,
      0,
      0,
      0,
      0,
      0,
      0,
      0,
      0,
      0,
      0,
      0,
      0,
      0,
      0,
      0,
      0,
      0,
      0,
      0,
      0,
      0,
      0,
      0,
      0,
      0,
      0,
      0,
      0,
      0,
      0,
      0,
      0,
      0,
      0,
      0,
      0,
      0,
      0,
      0,
      0,
      0,
      0,
      0,
      0,
      0,
      0,
      0,
      0,
      0,
      0,
      0,
      0,
      0,
      0,
      0,
      0,
      0,
      0,
      0,
      0,
      0
    ]
  }
}