{
  "overall": {
    "mean_latency_ms": 9.28095888592235,
    "p95_latency_ms": 11.970043182373047,
    "mean_confidence": 0.9988927721435588,
    "total_processed": 5062
  },
  "by_dataset": [
    {
      "dataset": "edge_cases",
      "latency_ms_mean": 10.937388126666729,
      "latency_ms_std": 4.830472082224667,
      "confidence_mean": 0.9467026683000418,
      "confidence_std": 0.10149062783507848,
      "text_length_count": 26
    },
    {
      "dataset": "mixed_sentiment",
      "latency_ms_mean": 9.981265434852013,
      "latency_ms_std": 1.5393220204996658,
      "confidence_mean": 0.9397878348827362,
      "confidence_std": 0.11342384722156948,
      "text_length_count": 26
    },
    {
      "dataset": "neutral",
      "latency_ms_mean": 10.065014545734112,
      "latency_ms_std": 1.5220682830761882,
      "confidence_mean": 0.9578856527805328,
      "confidence_std": 0.0727690791874575,
      "text_length_count": 26
    },
    {
      "dataset": "standard",
      "latency_ms_mean": 9.264574339837553,
      "latency_ms_std": 1.6144498079571146,
      "confidence_mean": 0.9996872858217593,
      "confidence_std": 0.0005019676898744625,
      "text_length_count": 4984
    }
  ]
}