{
  "1": {
    "avg_latency_ms": 14.820288878220778,
    "p95_latency_ms": 24.659442901611328,
    "p99_latency_ms": 30.8626103401184,
    "throughput": 2334.8326670948018,
    "gpu_utilization": 0.0,
    "memory_utilization": 0.0,
    "queue_size": 0.0
  },
  "4": {
    "avg_latency_ms": 15.124584250059671,
    "p95_latency_ms": 25.18776655197143,
    "p99_latency_ms": 31.79808855056762,
    "throughput": 9580.258095255576,
    "gpu_utilization": 0.0,
    "memory_utilization": 0.0,
    "queue_size": 0.0
  },
  "8": {
    "avg_latency_ms": 15.391813166577224,
    "p95_latency_ms": 25.377619266510006,
    "p99_latency_ms": 32.14957237243652,
    "throughput": 21751.31584552296,
    "gpu_utilization": 0.0,
    "memory_utilization": 0.0,
    "queue_size": 0.0
  },
  "16": {
    "avg_latency_ms": 15.57564479818066,
    "p95_latency_ms": 25.979506969451897,
    "p99_latency_ms": 32.22363471984863,
    "throughput": 44886.76098665094,
    "gpu_utilization": 0.0,
    "memory_utilization": 0.0,
    "queue_size": 0.0
  },
  "32": {
    "avg_latency_ms": 15.3044220800779,
    "p95_latency_ms": 25.29752254486084,
    "p99_latency_ms": 32.06160068511962,
    "throughput": 84420.22347820198,
    "gpu_utilization": 0.0,
    "memory_utilization": 0.0,
    "queue_size": 0.0
  },
  "64": {
    "avg_latency_ms": 14.719003359860189,
    "p95_latency_ms": 24.164915084838867,
    "p99_latency_ms": 31.283855438232415,
    "throughput": 183792.6105173704,
    "gpu_utilization": 0.0,
    "memory_utilization": 0.0,
    "queue_size": 0.0
  },
  "128": {
    "avg_latency_ms": 14.201456244647561,
    "p95_latency_ms": 23.001670837402344,
    "p99_latency_ms": 30.089437961578362,
    "throughput": 394379.0806245596,
    "gpu_utilization": 0.0,
    "memory_utilization": 0.0,
    "queue_size": 0.0
  }
}